col,sky,wavelength
0,0.00E+00,24693.851
1,0.00E+00,24691.042
2,0.00E+00,24688.233
3,0.00E+00,24685.423
4,0.00E+00,24682.614
5,0.00E+00,24679.805
6,0.00E+00,24676.995
7,0.00E+00,24674.186
8,0.00E+00,24671.376
9,0.00E+00,24668.567
10,0.00E+00,24665.757
11,0.00E+00,24662.948
12,4.24E+00,24660.138
13,4.50E+00,24657.329
14,4.55E+00,24654.519
15,5.07E+00,24651.709
16,5.83E+00,24648.9
17,6.05E+00,24646.09
18,5.97E+00,24643.281
19,6.28E+00,24640.471
20,6.92E+00,24637.661
21,8.57E+00,24634.851
22,1.04E+01,24632.042
23,1.09E+01,24629.232
24,1.01E+01,24626.422
25,8.80E+00,24623.612
26,7.08E+00,24620.803
27,5.55E+00,24617.993
28,4.72E+00,24615.183
29,4.44E+00,24612.373
30,4.26E+00,24609.563
31,4.10E+00,24606.753
32,4.06E+00,24603.943
33,4.11E+00,24601.133
34,4.17E+00,24598.324
35,4.24E+00,24595.514
36,4.14E+00,24592.704
37,4.11E+00,24589.894
38,4.03E+00,24587.084
39,3.95E+00,24584.274
40,3.94E+00,24581.463
41,3.93E+00,24578.653
42,4.03E+00,24575.843
43,4.07E+00,24573.033
44,4.20E+00,24570.223
45,4.24E+00,24567.413
46,4.23E+00,24564.603
47,4.20E+00,24561.793
48,4.33E+00,24558.982
49,4.96E+00,24556.172
50,6.52E+00,24553.362
51,8.06E+00,24550.552
52,8.50E+00,24547.741
53,8.59E+00,24544.931
54,8.42E+00,24542.121
55,7.28E+00,24539.31
56,6.34E+00,24536.5
57,5.66E+00,24533.69
58,5.01E+00,24530.879
59,4.84E+00,24528.069
60,5.31E+00,24525.258
61,6.77E+00,24522.448
62,8.94E+00,24519.637
63,1.10E+01,24516.827
64,1.17E+01,24514.016
65,1.15E+01,24511.206
66,1.14E+01,24508.395
67,1.09E+01,24505.585
68,9.53E+00,24502.774
69,8.17E+00,24499.964
70,6.61E+00,24497.153
71,5.17E+00,24494.342
72,4.62E+00,24491.532
73,4.94E+00,24488.721
74,5.85E+00,24485.91
75,6.77E+00,24483.1
76,7.67E+00,24480.289
77,8.76E+00,24477.478
78,8.96E+00,24474.667
79,8.62E+00,24471.857
80,9.16E+00,24469.046
81,1.03E+01,24466.235
82,1.12E+01,24463.424
83,1.08E+01,24460.613
84,9.26E+00,24457.802
85,7.03E+00,24454.992
86,5.26E+00,24452.181
87,4.48E+00,24449.37
88,4.15E+00,24446.559
89,4.07E+00,24443.748
90,4.11E+00,24440.937
91,4.37E+00,24438.126
92,5.04E+00,24435.315
93,5.57E+00,24432.504
94,5.59E+00,24429.693
95,5.18E+00,24426.882
96,4.52E+00,24424.071
97,4.04E+00,24421.259
98,3.83E+00,24418.448
99,3.79E+00,24415.637
100,3.78E+00,24412.826
101,3.72E+00,24410.015
102,3.70E+00,24407.204
103,3.77E+00,24404.392
104,3.69E+00,24401.581
105,3.73E+00,24398.77
106,3.69E+00,24395.959
107,3.76E+00,24393.147
108,3.75E+00,24390.336
109,3.75E+00,24387.525
110,3.83E+00,24384.713
111,3.86E+00,24381.902
112,4.03E+00,24379.09
113,4.34E+00,24376.279
114,5.08E+00,24373.468
115,6.82E+00,24370.656
116,9.26E+00,24367.845
117,1.12E+01,24365.033
118,1.21E+01,24362.222
119,1.29E+01,24359.41
120,1.30E+01,24356.599
121,1.23E+01,24353.787
122,1.04E+01,24350.975
123,7.86E+00,24348.164
124,5.98E+00,24345.352
125,5.09E+00,24342.541
126,5.40E+00,24339.729
127,6.27E+00,24336.917
128,6.54E+00,24334.105
129,6.07E+00,24331.294
130,4.97E+00,24328.482
131,4.15E+00,24325.67
132,3.75E+00,24322.858
133,3.61E+00,24320.047
134,3.62E+00,24317.235
135,3.67E+00,24314.423
136,3.63E+00,24311.611
137,3.61E+00,24308.799
138,3.70E+00,24305.987
139,3.73E+00,24303.176
140,3.75E+00,24300.364
141,3.71E+00,24297.552
142,3.66E+00,24294.74
143,3.60E+00,24291.928
144,3.59E+00,24289.116
145,3.59E+00,24286.304
146,3.51E+00,24283.492
147,3.51E+00,24280.68
148,3.56E+00,24277.868
149,3.70E+00,24275.055
150,3.97E+00,24272.243
151,4.96E+00,24269.431
152,6.08E+00,24266.619
153,6.24E+00,24263.807
154,5.43E+00,24260.995
155,4.47E+00,24258.182
156,4.08E+00,24255.37
157,4.18E+00,24252.558
158,4.38E+00,24249.746
159,5.02E+00,24246.933
160,6.00E+00,24244.121
161,6.22E+00,24241.309
162,5.50E+00,24238.497
163,4.33E+00,24235.684
164,3.73E+00,24232.872
165,3.65E+00,24230.059
166,3.97E+00,24227.247
167,4.47E+00,24224.435
168,4.65E+00,24221.622
169,4.40E+00,24218.81
170,3.94E+00,24215.997
171,3.68E+00,24213.185
172,3.69E+00,24210.372
173,3.71E+00,24207.56
174,3.92E+00,24204.747
175,4.57E+00,24201.934
176,6.34E+00,24199.122
177,8.64E+00,24196.309
178,1.03E+01,24193.497
179,1.06E+01,24190.684
180,9.66E+00,24187.871
181,8.12E+00,24185.058
182,6.10E+00,24182.246
183,4.46E+00,24179.433
184,3.90E+00,24176.62
185,3.83E+00,24173.807
186,4.23E+00,24170.995
187,5.47E+00,24168.182
188,7.91E+00,24165.369
189,9.80E+00,24162.556
190,9.72E+00,24159.743
191,7.30E+00,24156.93
192,5.16E+00,24154.118
193,4.42E+00,24151.305
194,5.27E+00,24148.492
195,6.40E+00,24145.679
196,6.63E+00,24142.866
197,5.78E+00,24140.053
198,4.67E+00,24137.24
199,3.94E+00,24134.427
200,3.59E+00,24131.614
201,3.67E+00,24128.801
202,4.00E+00,24125.987
203,4.63E+00,24123.174
204,5.29E+00,24120.361
205,5.18E+00,24117.548
206,4.39E+00,24114.735
207,3.68E+00,24111.922
208,3.59E+00,24109.108
209,4.10E+00,24106.295
210,5.28E+00,24103.482
211,6.27E+00,24100.669
212,5.87E+00,24097.855
213,4.52E+00,24095.042
214,3.64E+00,24092.229
215,3.42E+00,24089.415
216,3.48E+00,24086.602
217,3.82E+00,24083.789
218,4.66E+00,24080.975
219,5.46E+00,24078.162
220,5.98E+00,24075.348
221,6.35E+00,24072.535
222,6.14E+00,24069.721
223,5.25E+00,24066.908
224,4.56E+00,24064.095
225,4.34E+00,24061.281
226,3.98E+00,24058.467
227,3.61E+00,24055.654
228,3.58E+00,24052.84
229,4.01E+00,24050.027
230,5.45E+00,24047.213
231,6.84E+00,24044.399
232,6.48E+00,24041.586
233,4.67E+00,24038.772
234,3.63E+00,24035.958
235,3.33E+00,24033.145
236,3.29E+00,24030.331
237,3.28E+00,24027.517
238,3.30E+00,24024.703
239,3.44E+00,24021.889
240,3.49E+00,24019.076
241,3.36E+00,24016.262
242,3.27E+00,24013.448
243,3.48E+00,24010.634
244,4.09E+00,24007.82
245,4.62E+00,24005.006
246,4.31E+00,24002.192
247,3.60E+00,23999.378
248,3.27E+00,23996.564
249,3.26E+00,23993.75
250,3.30E+00,23990.936
251,3.34E+00,23988.122
252,3.39E+00,23985.308
253,3.38E+00,23982.494
254,3.50E+00,23979.68
255,4.08E+00,23976.866
256,4.88E+00,23974.052
257,5.61E+00,23971.238
258,5.86E+00,23968.424
259,5.04E+00,23965.609
260,3.80E+00,23962.795
261,3.28E+00,23959.981
262,3.27E+00,23957.167
263,3.25E+00,23954.352
264,3.25E+00,23951.538
265,3.51E+00,23948.724
266,3.76E+00,23945.91
267,3.64E+00,23943.095
268,3.33E+00,23940.281
269,3.21E+00,23937.467
270,3.25E+00,23934.652
271,3.26E+00,23931.838
272,3.23E+00,23929.023
273,3.31E+00,23926.209
274,3.54E+00,23923.394
275,4.34E+00,23920.58
276,5.91E+00,23917.765
277,6.50E+00,23914.951
278,5.12E+00,23912.136
279,3.82E+00,23909.322
280,3.34E+00,23906.507
281,3.21E+00,23903.692
282,3.27E+00,23900.878
283,3.25E+00,23898.063
284,3.14E+00,23895.249
285,3.14E+00,23892.434
286,3.27E+00,23889.619
287,3.93E+00,23886.804
288,5.21E+00,23883.99
289,5.44E+00,23881.175
290,4.28E+00,23878.36
291,3.38E+00,23875.545
292,3.25E+00,23872.731
293,3.28E+00,23869.916
294,3.61E+00,23867.101
295,4.33E+00,23864.286
296,5.09E+00,23861.471
297,4.83E+00,23858.656
298,3.72E+00,23855.841
299,3.26E+00,23853.026
300,3.31E+00,23850.211
301,3.83E+00,23847.396
302,4.95E+00,23844.581
303,5.93E+00,23841.766
304,5.77E+00,23838.951
305,5.28E+00,23836.136
306,4.97E+00,23833.321
307,4.00E+00,23830.506
308,3.44E+00,23827.691
309,3.29E+00,23824.876
310,3.09E+00,23822.06
311,2.97E+00,23819.245
312,2.91E+00,23816.43
313,3.04E+00,23813.615
314,3.32E+00,23810.8
315,3.49E+00,23807.984
316,3.48E+00,23805.169
317,3.35E+00,23802.354
318,3.47E+00,23799.538
319,3.50E+00,23796.723
320,3.26E+00,23793.908
321,3.16E+00,23791.092
322,3.54E+00,23788.277
323,4.86E+00,23785.462
324,5.82E+00,23782.646
325,4.82E+00,23779.831
326,3.52E+00,23777.015
327,3.32E+00,23774.2
328,3.54E+00,23771.384
329,4.08E+00,23768.569
330,4.29E+00,23765.753
331,3.77E+00,23762.937
332,3.09E+00,23760.122
333,2.92E+00,23757.306
334,2.92E+00,23754.491
335,2.98E+00,23751.675
336,2.97E+00,23748.859
337,2.90E+00,23746.044
338,2.88E+00,23743.228
339,3.00E+00,23740.412
340,3.07E+00,23737.596
341,3.02E+00,23734.781
342,3.18E+00,23731.965
343,3.30E+00,23729.149
344,3.25E+00,23726.333
345,3.26E+00,23723.517
346,3.59E+00,23720.702
347,4.40E+00,23717.886
348,5.19E+00,23715.07
349,4.88E+00,23712.254
350,4.54E+00,23709.438
351,4.58E+00,23706.622
352,4.15E+00,23703.806
353,3.43E+00,23700.99
354,3.06E+00,23698.174
355,3.03E+00,23695.358
356,3.43E+00,23692.542
357,3.75E+00,23689.726
358,3.48E+00,23686.91
359,3.01E+00,23684.093
360,2.97E+00,23681.277
361,3.19E+00,23678.461
362,3.58E+00,23675.645
363,3.87E+00,23672.829
364,3.39E+00,23670.013
365,2.91E+00,23667.196
366,2.88E+00,23664.38
367,2.87E+00,23661.564
368,2.74E+00,23658.748
369,2.67E+00,23655.931
370,2.71E+00,23653.115
371,2.74E+00,23650.299
372,2.87E+00,23647.482
373,3.11E+00,23644.666
374,3.56E+00,23641.849
375,3.58E+00,23639.033
376,3.12E+00,23636.216
377,2.86E+00,23633.4
378,2.73E+00,23630.583
379,2.69E+00,23627.767
380,2.68E+00,23624.95
381,2.71E+00,23622.134
382,2.88E+00,23619.317
383,2.88E+00,23616.501
384,2.76E+00,23613.684
385,2.68E+00,23610.868
386,2.68E+00,23608.051
387,2.66E+00,23605.234
388,2.69E+00,23602.417
389,2.56E+00,23599.601
390,2.62E+00,23596.784
391,2.76E+00,23593.967
392,3.08E+00,23591.151
393,3.51E+00,23588.334
394,3.56E+00,23585.517
395,3.20E+00,23582.7
396,2.81E+00,23579.883
397,2.75E+00,23577.066
398,2.89E+00,23574.25
399,2.96E+00,23571.433
400,2.92E+00,23568.616
401,2.86E+00,23565.799
402,2.98E+00,23562.982
403,3.11E+00,23560.165
404,2.92E+00,23557.348
405,2.65E+00,23554.531
406,2.65E+00,23551.714
407,2.67E+00,23548.897
408,2.66E+00,23546.08
409,2.63E+00,23543.263
410,2.77E+00,23540.445
411,2.99E+00,23537.628
412,3.12E+00,23534.811
413,3.15E+00,23531.994
414,3.45E+00,23529.177
415,4.36E+00,23526.36
416,4.40E+00,23523.542
417,3.73E+00,23520.725
418,3.75E+00,23517.908
419,3.47E+00,23515.09
420,3.05E+00,23512.273
421,3.12E+00,23509.456
422,3.21E+00,23506.638
423,3.05E+00,23503.821
424,3.10E+00,23501.004
425,3.36E+00,23498.186
426,3.20E+00,23495.369
427,2.79E+00,23492.551
428,2.59E+00,23489.734
429,2.60E+00,23486.916
430,2.72E+00,23484.099
431,2.82E+00,23481.281
432,2.83E+00,23478.464
433,2.80E+00,23475.646
434,2.68E+00,23472.829
435,2.63E+00,23470.011
436,2.65E+00,23467.193
437,2.59E+00,23464.376
438,2.52E+00,23461.558
439,2.59E+00,23458.74
440,2.63E+00,23455.923
441,2.82E+00,23453.105
442,2.91E+00,23450.287
443,2.67E+00,23447.469
444,2.50E+00,23444.652
445,2.45E+00,23441.834
446,2.51E+00,23439.016
447,2.56E+00,23436.198
448,2.52E+00,23433.38
449,2.48E+00,23430.562
450,2.51E+00,23427.745
451,2.67E+00,23424.927
452,3.08E+00,23422.109
453,3.06E+00,23419.291
454,2.77E+00,23416.473
455,2.81E+00,23413.655
456,2.79E+00,23410.837
457,2.73E+00,23408.019
458,2.96E+00,23405.201
459,3.02E+00,23402.382
460,2.81E+00,23399.564
461,2.60E+00,23396.746
462,2.51E+00,23393.928
463,2.65E+00,23391.11
464,2.71E+00,23388.292
465,2.58E+00,23385.474
466,2.51E+00,23382.655
467,2.44E+00,23379.837
468,2.43E+00,23377.019
469,2.39E+00,23374.201
470,2.31E+00,23371.382
471,2.32E+00,23368.564
472,2.38E+00,23365.745
473,2.41E+00,23362.927
474,2.41E+00,23360.109
475,2.34E+00,23357.29
476,2.47E+00,23354.472
477,2.53E+00,23351.653
478,2.50E+00,23348.835
479,2.34E+00,23346.017
480,2.36E+00,23343.198
481,2.39E+00,23340.38
482,2.34E+00,23337.561
483,2.29E+00,23334.742
484,2.27E+00,23331.924
485,2.39E+00,23329.105
486,2.48E+00,23326.287
487,2.42E+00,23323.468
488,2.40E+00,23320.649
489,2.57E+00,23317.831
490,2.57E+00,23315.012
491,2.44E+00,23312.193
492,2.32E+00,23309.374
493,2.31E+00,23306.556
494,2.34E+00,23303.737
495,2.34E+00,23300.918
496,2.33E+00,23298.099
497,2.39E+00,23295.28
498,2.35E+00,23292.462
499,2.32E+00,23289.643
500,2.47E+00,23286.824
501,2.45E+00,23284.005
502,2.31E+00,23281.186
503,2.20E+00,23278.367
504,2.20E+00,23275.548
505,2.20E+00,23272.729
506,2.21E+00,23269.91
507,2.26E+00,23267.091
508,2.25E+00,23264.272
509,2.18E+00,23261.453
510,2.20E+00,23258.634
511,2.38E+00,23255.815
512,2.67E+00,23252.995
513,2.74E+00,23250.176
514,2.61E+00,23247.357
515,2.34E+00,23244.538
516,2.21E+00,23241.719
517,2.28E+00,23238.899
518,2.32E+00,23236.08
519,2.55E+00,23233.261
520,2.57E+00,23230.442
521,2.55E+00,23227.622
522,2.52E+00,23224.803
523,2.67E+00,23221.984
524,2.78E+00,23219.164
525,2.39E+00,23216.345
526,2.28E+00,23213.525
527,2.44E+00,23210.706
528,2.64E+00,23207.886
529,2.49E+00,23205.067
530,2.23E+00,23202.247
531,2.16E+00,23199.428
532,2.20E+00,23196.608
533,2.17E+00,23193.789
534,2.20E+00,23190.969
535,2.26E+00,23188.15
536,2.36E+00,23185.33
537,2.44E+00,23182.51
538,2.41E+00,23179.691
539,2.39E+00,23176.871
540,2.51E+00,23174.051
541,2.61E+00,23171.232
542,2.61E+00,23168.412
543,2.42E+00,23165.592
544,2.26E+00,23162.772
545,2.18E+00,23159.953
546,2.11E+00,23157.133
547,2.03E+00,23154.313
548,2.09E+00,23151.493
549,2.03E+00,23148.673
550,1.99E+00,23145.853
551,1.98E+00,23143.033
552,2.02E+00,23140.213
553,2.02E+00,23137.393
554,2.02E+00,23134.573
555,2.07E+00,23131.753
556,2.09E+00,23128.933
557,2.03E+00,23126.113
558,2.02E+00,23123.293
559,2.03E+00,23120.473
560,2.11E+00,23117.653
561,2.18E+00,23114.833
562,2.11E+00,23112.013
563,2.05E+00,23109.193
564,2.19E+00,23106.372
565,2.24E+00,23103.552
566,2.10E+00,23100.732
567,2.02E+00,23097.912
568,2.06E+00,23095.091
569,2.20E+00,23092.271
570,2.20E+00,23089.451
571,2.11E+00,23086.631
572,2.00E+00,23083.81
573,2.06E+00,23080.99
574,2.20E+00,23078.169
575,2.23E+00,23075.349
576,2.05E+00,23072.529
577,1.96E+00,23069.708
578,1.99E+00,23066.888
579,1.98E+00,23064.067
580,1.94E+00,23061.247
581,2.01E+00,23058.426
582,1.99E+00,23055.606
583,1.98E+00,23052.785
584,1.96E+00,23049.965
585,1.99E+00,23047.144
586,2.05E+00,23044.323
587,1.98E+00,23041.503
588,1.98E+00,23038.682
589,2.01E+00,23035.861
590,1.96E+00,23033.041
591,1.92E+00,23030.22
592,1.96E+00,23027.399
593,1.97E+00,23024.578
594,1.93E+00,23021.758
595,1.89E+00,23018.937
596,1.90E+00,23016.116
597,1.90E+00,23013.295
598,1.95E+00,23010.474
599,1.97E+00,23007.653
600,2.01E+00,23004.832
601,1.99E+00,23002.011
602,1.92E+00,22999.19
603,1.92E+00,22996.369
604,2.00E+00,22993.548
605,2.32E+00,22990.727
606,2.87E+00,22987.906
607,2.99E+00,22985.085
608,2.58E+00,22982.264
609,2.15E+00,22979.443
610,2.11E+00,22976.622
611,2.00E+00,22973.801
612,1.99E+00,22970.98
613,2.16E+00,22968.159
614,2.10E+00,22965.337
615,1.93E+00,22962.516
616,1.96E+00,22959.695
617,2.17E+00,22956.874
618,2.32E+00,22954.052
619,2.30E+00,22951.231
620,2.22E+00,22948.41
621,2.11E+00,22945.588
622,2.32E+00,22942.767
623,2.67E+00,22939.946
624,2.42E+00,22937.124
625,1.91E+00,22934.303
626,1.76E+00,22931.481
627,1.80E+00,22928.66
628,1.89E+00,22925.838
629,1.93E+00,22923.017
630,1.87E+00,22920.195
631,1.87E+00,22917.374
632,1.87E+00,22914.552
633,1.86E+00,22911.731
634,1.78E+00,22908.909
635,1.78E+00,22906.087
636,1.88E+00,22903.266
637,1.94E+00,22900.444
638,1.96E+00,22897.622
639,1.91E+00,22894.801
640,1.84E+00,22891.979
641,1.79E+00,22889.157
642,1.76E+00,22886.336
643,1.76E+00,22883.514
644,1.79E+00,22880.692
645,1.81E+00,22877.87
646,1.87E+00,22875.048
647,1.85E+00,22872.226
648,1.85E+00,22869.405
649,1.87E+00,22866.583
650,1.79E+00,22863.761
651,1.79E+00,22860.939
652,1.80E+00,22858.117
653,1.83E+00,22855.295
654,1.81E+00,22852.473
655,1.79E+00,22849.651
656,1.73E+00,22846.829
657,1.75E+00,22844.007
658,1.84E+00,22841.184
659,1.78E+00,22838.362
660,1.72E+00,22835.54
661,1.79E+00,22832.718
662,1.89E+00,22829.896
663,1.82E+00,22827.074
664,1.73E+00,22824.252
665,1.66E+00,22821.429
666,1.69E+00,22818.607
667,1.68E+00,22815.785
668,1.67E+00,22812.962
669,1.73E+00,22810.14
670,1.80E+00,22807.318
671,1.74E+00,22804.495
672,1.67E+00,22801.673
673,1.65E+00,22798.851
674,1.64E+00,22796.028
675,1.66E+00,22793.206
676,1.66E+00,22790.383
677,1.65E+00,22787.561
678,1.71E+00,22784.738
679,1.68E+00,22781.916
680,1.66E+00,22779.093
681,1.67E+00,22776.271
682,1.71E+00,22773.448
683,1.73E+00,22770.626
684,1.73E+00,22767.803
685,1.72E+00,22764.98
686,1.76E+00,22762.158
687,1.82E+00,22759.335
688,1.80E+00,22756.512
689,1.76E+00,22753.689
690,1.71E+00,22750.867
691,2.00E+00,22748.044
692,3.15E+00,22745.221
693,4.23E+00,22742.398
694,3.56E+00,22739.575
695,2.20E+00,22736.753
696,1.71E+00,22733.93
697,1.66E+00,22731.107
698,1.66E+00,22728.284
699,1.71E+00,22725.461
700,1.72E+00,22722.638
701,1.71E+00,22719.815
702,1.84E+00,22716.992
703,1.88E+00,22714.169
704,1.74E+00,22711.346
705,1.63E+00,22708.523
706,1.78E+00,22705.7
707,1.99E+00,22702.877
708,1.94E+00,22700.054
709,1.95E+00,22697.231
710,2.32E+00,22694.407
711,3.06E+00,22691.584
712,3.06E+00,22688.761
713,2.23E+00,22685.938
714,1.95E+00,22683.114
715,1.86E+00,22680.291
716,1.69E+00,22677.468
717,1.63E+00,22674.645
718,1.69E+00,22671.821
719,1.65E+00,22668.998
720,1.60E+00,22666.175
721,1.52E+00,22663.351
722,1.55E+00,22660.528
723,1.52E+00,22657.704
724,1.60E+00,22654.881
725,1.81E+00,22652.057
726,1.97E+00,22649.234
727,1.85E+00,22646.41
728,1.98E+00,22643.587
729,1.92E+00,22640.763
730,1.68E+00,22637.94
731,1.56E+00,22635.116
732,1.50E+00,22632.292
733,1.52E+00,22629.469
734,1.67E+00,22626.645
735,1.85E+00,22623.821
736,1.96E+00,22620.998
737,1.96E+00,22618.174
738,1.70E+00,22615.35
739,1.56E+00,22612.527
740,1.56E+00,22609.703
741,1.49E+00,22606.879
742,1.46E+00,22604.055
743,1.48E+00,22601.231
744,1.53E+00,22598.408
745,1.50E+00,22595.584
746,1.45E+00,22592.76
747,1.45E+00,22589.936
748,1.45E+00,22587.112
749,1.47E+00,22584.288
750,1.50E+00,22581.464
751,1.47E+00,22578.64
752,1.49E+00,22575.816
753,1.48E+00,22572.992
754,1.52E+00,22570.168
755,1.53E+00,22567.344
756,1.46E+00,22564.52
757,1.47E+00,22561.695
758,1.49E+00,22558.871
759,1.50E+00,22556.047
760,1.50E+00,22553.223
761,1.49E+00,22550.399
762,1.57E+00,22547.574
763,1.66E+00,22544.75
764,1.65E+00,22541.926
765,1.55E+00,22539.101
766,1.50E+00,22536.277
767,1.49E+00,22533.453
768,1.47E+00,22530.628
769,1.49E+00,22527.804
770,1.70E+00,22524.98
771,3.33E+00,22522.155
772,6.32E+00,22519.331
773,6.24E+00,22516.506
774,3.23E+00,22513.682
775,1.65E+00,22510.857
776,1.48E+00,22508.033
777,1.44E+00,22505.208
778,1.42E+00,22502.384
779,1.43E+00,22499.559
780,1.43E+00,22496.734
781,1.41E+00,22493.91
782,1.43E+00,22491.085
783,1.40E+00,22488.261
784,1.38E+00,22485.436
785,1.40E+00,22482.611
786,1.41E+00,22479.786
787,1.44E+00,22476.962
788,1.49E+00,22474.137
789,1.49E+00,22471.312
790,1.45E+00,22468.487
791,1.74E+00,22465.662
792,3.24E+00,22462.838
793,4.28E+00,22460.013
794,2.90E+00,22457.188
795,1.60E+00,22454.363
796,1.45E+00,22451.538
797,1.39E+00,22448.713
798,1.41E+00,22445.888
799,1.43E+00,22443.063
800,1.54E+00,22440.238
801,1.54E+00,22437.413
802,1.47E+00,22434.588
803,1.61E+00,22431.763
804,1.70E+00,22428.938
805,1.60E+00,22426.112
806,1.54E+00,22423.287
807,1.55E+00,22420.462
808,1.55E+00,22417.637
809,1.54E+00,22414.812
810,1.45E+00,22411.986
811,1.33E+00,22409.161
812,1.35E+00,22406.336
813,1.37E+00,22403.511
814,1.32E+00,22400.685
815,1.32E+00,22397.86
816,1.33E+00,22395.034
817,1.29E+00,22392.209
818,1.30E+00,22389.384
819,1.32E+00,22386.558
820,1.34E+00,22383.733
821,1.40E+00,22380.907
822,1.39E+00,22378.082
823,1.37E+00,22375.256
824,1.34E+00,22372.431
825,1.34E+00,22369.605
826,1.37E+00,22366.78
827,1.34E+00,22363.954
828,1.33E+00,22361.128
829,1.32E+00,22358.303
830,1.31E+00,22355.477
831,1.36E+00,22352.651
832,1.61E+00,22349.826
833,2.04E+00,22347
834,2.08E+00,22344.174
835,1.93E+00,22341.349
836,2.18E+00,22338.523
837,1.94E+00,22335.697
838,1.55E+00,22332.871
839,1.49E+00,22330.045
840,1.49E+00,22327.219
841,1.57E+00,22324.393
842,1.71E+00,22321.568
843,2.56E+00,22318.742
844,7.03E+00,22315.916
845,1.17E+01,22313.09
846,8.79E+00,22310.264
847,3.08E+00,22307.438
848,1.41E+00,22304.612
849,1.33E+00,22301.785
850,1.27E+00,22298.96
851,1.29E+00,22296.133
852,1.32E+00,22293.307
853,1.39E+00,22290.481
854,1.45E+00,22287.655
855,1.34E+00,22284.829
856,1.25E+00,22282.003
857,1.33E+00,22279.176
858,1.50E+00,22276.35
859,1.54E+00,22273.524
860,1.43E+00,22270.698
861,1.36E+00,22267.871
862,1.39E+00,22265.045
863,1.33E+00,22262.218
864,1.28E+00,22259.392
865,1.30E+00,22256.566
866,1.62E+00,22253.739
867,3.80E+00,22250.913
868,6.15E+00,22248.086
869,4.56E+00,22245.26
870,1.89E+00,22242.433
871,1.29E+00,22239.607
872,1.25E+00,22236.78
873,1.24E+00,22233.954
874,1.25E+00,22231.127
875,1.23E+00,22228.301
876,1.21E+00,22225.474
877,1.22E+00,22222.647
878,1.21E+00,22219.821
879,1.22E+00,22216.994
880,1.21E+00,22214.167
881,1.19E+00,22211.34
882,1.23E+00,22208.514
883,1.23E+00,22205.687
884,1.24E+00,22202.86
885,1.25E+00,22200.033
886,1.24E+00,22197.207
887,1.23E+00,22194.38
888,1.21E+00,22191.553
889,1.20E+00,22188.726
890,1.19E+00,22185.899
891,1.20E+00,22183.072
892,1.20E+00,22180.245
893,1.22E+00,22177.418
894,1.17E+00,22174.591
895,1.21E+00,22171.764
896,1.25E+00,22168.937
897,1.20E+00,22166.11
898,1.24E+00,22163.283
899,1.27E+00,22160.456
900,1.29E+00,22157.628
901,1.22E+00,22154.801
902,1.20E+00,22151.974
903,1.22E+00,22149.147
904,1.23E+00,22146.32
905,1.18E+00,22143.492
906,1.15E+00,22140.665
907,1.18E+00,22137.838
908,1.18E+00,22135.011
909,1.83E+00,22132.183
910,6.89E+00,22129.356
911,1.57E+01,22126.529
912,1.44E+01,22123.701
913,5.39E+00,22120.874
914,1.50E+00,22118.046
915,1.16E+00,22115.219
916,1.17E+00,22112.391
917,1.19E+00,22109.564
918,1.16E+00,22106.736
919,1.16E+00,22103.909
920,1.15E+00,22101.081
921,1.11E+00,22098.254
922,1.13E+00,22095.426
923,1.13E+00,22092.598
924,1.12E+00,22089.771
925,1.12E+00,22086.943
926,1.10E+00,22084.115
927,1.10E+00,22081.288
928,1.07E+00,22078.46
929,1.13E+00,22075.632
930,1.14E+00,22072.804
931,1.18E+00,22069.976
932,1.25E+00,22067.149
933,1.43E+00,22064.321
934,1.65E+00,22061.493
935,2.03E+00,22058.665
936,4.42E+00,22055.837
937,7.79E+00,22053.009
938,6.38E+00,22050.181
939,2.56E+00,22047.353
940,1.27E+00,22044.525
941,1.16E+00,22041.697
942,1.24E+00,22038.869
943,1.24E+00,22036.041
944,1.32E+00,22033.213
945,1.63E+00,22030.385
946,1.65E+00,22027.557
947,1.42E+00,22024.729
948,1.20E+00,22021.901
949,1.15E+00,22019.073
950,1.16E+00,22016.244
951,1.26E+00,22013.416
952,1.26E+00,22010.588
953,1.28E+00,22007.76
954,1.41E+00,22004.931
955,1.43E+00,22002.103
956,1.47E+00,21999.275
957,1.63E+00,21996.446
958,1.60E+00,21993.618
959,1.47E+00,21990.789
960,1.50E+00,21987.961
961,1.49E+00,21985.133
962,1.48E+00,21982.304
963,1.44E+00,21979.476
964,1.23E+00,21976.647
965,1.11E+00,21973.819
966,1.09E+00,21970.99
967,1.12E+00,21968.161
968,1.18E+00,21965.333
969,1.65E+00,21962.504
970,6.76E+00,21959.676
971,1.73E+01,21956.847
972,1.74E+01,21954.018
973,6.97E+00,21951.19
974,1.75E+00,21948.361
975,1.17E+00,21945.532
976,1.10E+00,21942.704
977,1.07E+00,21939.875
978,1.06E+00,21937.046
979,1.03E+00,21934.217
980,1.03E+00,21931.388
981,9.86E-01,21928.559
982,9.78E-01,21925.731
983,9.91E-01,21922.902
984,9.99E-01,21920.073
985,1.01E+00,21917.244
986,9.90E-01,21914.415
987,1.01E+00,21911.586
988,1.08E+00,21908.757
989,1.18E+00,21905.928
990,1.18E+00,21903.099
991,1.10E+00,21900.27
992,1.09E+00,21897.44
993,1.30E+00,21894.611
994,1.41E+00,21891.782
995,1.26E+00,21888.953
996,1.16E+00,21886.124
997,1.25E+00,21883.294
998,1.39E+00,21880.465
999,3.02E+00,21877.636
1000,6.81E+00,21874.807
1001,7.15E+00,21871.978
1002,3.28E+00,21869.148
1003,1.23E+00,21866.319
1004,1.08E+00,21863.49
1005,1.09E+00,21860.66
1006,1.07E+00,21857.831
1007,1.04E+00,21855.001
1008,1.11E+00,21852.172
1009,1.17E+00,21849.342
1010,1.16E+00,21846.513
1011,1.12E+00,21843.683
1012,1.12E+00,21840.854
1013,1.09E+00,21838.024
1014,1.12E+00,21835.195
1015,1.11E+00,21832.365
1016,1.07E+00,21829.535
1017,1.03E+00,21826.706
1018,1.02E+00,21823.876
1019,1.02E+00,21821.046
1020,1.05E+00,21818.217
1021,1.02E+00,21815.387
1022,1.00E+00,21812.557
1023,1.24E+00,21809.727
1024,4.07E+00,21806.898
1025,1.23E+01,21804.068
1026,1.49E+01,21801.238
1027,7.69E+00,21798.408
1028,2.56E+00,21795.578
1029,1.95E+00,21792.748
1030,1.79E+00,21789.918
1031,1.34E+00,21787.089
1032,1.03E+00,21784.259
1033,9.49E-01,21781.429
1034,9.63E-01,21778.598
1035,9.58E-01,21775.769
1036,9.65E-01,21772.938
1037,9.81E-01,21770.108
1038,1.05E+00,21767.278
1039,1.39E+00,21764.448
1040,1.67E+00,21761.618
1041,1.50E+00,21758.788
1042,1.11E+00,21755.957
1043,9.74E-01,21753.127
1044,9.35E-01,21750.297
1045,9.71E-01,21747.467
1046,1.01E+00,21744.637
1047,9.85E-01,21741.806
1048,9.52E-01,21738.976
1049,9.69E-01,21736.146
1050,9.49E-01,21733.315
1051,9.47E-01,21730.485
1052,9.34E-01,21727.655
1053,9.02E-01,21724.824
1054,9.47E-01,21721.994
1055,9.70E-01,21719.163
1056,1.58E+00,21716.333
1057,4.00E+00,21713.502
1058,5.67E+00,21710.672
1059,3.74E+00,21707.841
1060,1.53E+00,21705.011
1061,1.05E+00,21702.18
1062,9.33E-01,21699.349
1063,8.77E-01,21696.519
1064,9.39E-01,21693.688
1065,9.96E-01,21690.857
1066,1.03E+00,21688.027
1067,1.18E+00,21685.196
1068,1.23E+00,21682.365
1069,1.18E+00,21679.534
1070,1.19E+00,21676.704
1071,1.26E+00,21673.873
1072,1.12E+00,21671.042
1073,9.70E-01,21668.211
1074,1.08E+00,21665.38
1075,1.17E+00,21662.549
1076,1.24E+00,21659.718
1077,1.15E+00,21656.887
1078,1.03E+00,21654.056
1079,8.81E-01,21651.226
1080,8.64E-01,21648.394
1081,8.99E-01,21645.563
1082,1.12E+00,21642.732
1083,1.51E+00,21639.901
1084,1.81E+00,21637.07
1085,1.62E+00,21634.239
1086,1.14E+00,21631.408
1087,9.41E-01,21628.577
1088,9.68E-01,21625.746
1089,9.96E-01,21622.914
1090,9.86E-01,21620.083
1091,8.85E-01,21617.252
1092,9.27E-01,21614.421
1093,1.02E+00,21611.589
1094,1.03E+00,21608.758
1095,9.78E-01,21605.927
1096,9.41E-01,21603.095
1097,1.06E+00,21600.264
1098,1.21E+00,21597.433
1099,1.18E+00,21594.601
1100,1.16E+00,21591.77
1101,1.20E+00,21588.938
1102,1.44E+00,21586.107
1103,2.69E+00,21583.275
1104,3.67E+00,21580.444
1105,2.73E+00,21577.612
1106,1.32E+00,21574.781
1107,9.69E-01,21571.949
1108,1.09E+00,21569.117
1109,1.11E+00,21566.285
1110,9.93E-01,21563.454
1111,8.97E-01,21560.622
1112,9.28E-01,21557.791
1113,9.13E-01,21554.959
1114,1.23E+00,21552.127
1115,1.83E+00,21549.295
1116,2.29E+00,21546.463
1117,2.52E+00,21543.632
1118,4.71E+00,21540.8
1119,8.08E+00,21537.968
1120,6.88E+00,21535.136
1121,3.30E+00,21532.304
1122,2.07E+00,21529.472
1123,1.64E+00,21526.64
1124,1.33E+00,21523.808
1125,1.24E+00,21520.976
1126,1.16E+00,21518.144
1127,1.53E+00,21515.312
1128,4.18E+00,21512.48
1129,1.37E+01,21509.648
1130,2.06E+01,21506.816
1131,1.29E+01,21503.984
1132,3.53E+00,21501.152
1133,1.09E+00,21498.32
1134,8.65E-01,21495.487
1135,8.03E-01,21492.655
1136,8.23E-01,21489.823
1137,8.19E-01,21486.991
1138,8.24E-01,21484.158
1139,8.40E-01,21481.326
1140,8.17E-01,21478.494
1141,7.88E-01,21475.661
1142,8.14E-01,21472.829
1143,8.22E-01,21469.997
1144,8.21E-01,21467.164
1145,8.15E-01,21464.332
1146,7.97E-01,21461.499
1147,8.11E-01,21458.667
1148,7.79E-01,21455.834
1149,7.77E-01,21453.002
1150,7.80E-01,21450.169
1151,7.94E-01,21447.337
1152,8.04E-01,21444.504
1153,8.87E-01,21441.671
1154,9.36E-01,21438.839
1155,8.51E-01,21436.006
1156,8.29E-01,21433.174
1157,8.72E-01,21430.341
1158,8.72E-01,21427.508
1159,9.61E-01,21424.675
1160,1.00E+00,21421.843
1161,9.77E-01,21419.01
1162,9.14E-01,21416.177
1163,8.22E-01,21413.344
1164,7.91E-01,21410.511
1165,7.86E-01,21407.678
1166,7.58E-01,21404.845
1167,7.70E-01,21402.013
1168,7.64E-01,21399.18
1169,7.86E-01,21396.347
1170,8.10E-01,21393.514
1171,8.26E-01,21390.681
1172,7.98E-01,21387.847
1173,8.41E-01,21385.014
1174,1.11E+00,21382.182
1175,1.23E+00,21379.348
1176,1.15E+00,21376.515
1177,1.29E+00,21373.682
1178,1.22E+00,21370.849
1179,9.22E-01,21368.016
1180,8.43E-01,21365.182
1181,9.74E-01,21362.349
1182,1.22E+00,21359.516
1183,1.30E+00,21356.683
1184,1.20E+00,21353.85
1185,9.52E-01,21351.016
1186,7.69E-01,21348.183
1187,7.83E-01,21345.35
1188,7.53E-01,21342.516
1189,7.43E-01,21339.683
1190,7.80E-01,21336.849
1191,7.71E-01,21334.016
1192,1.06E+00,21331.182
1193,2.56E+00,21328.349
1194,3.58E+00,21325.515
1195,2.94E+00,21322.682
1196,2.55E+00,21319.848
1197,2.60E+00,21317.014
1198,1.91E+00,21314.181
1199,1.07E+00,21311.347
1200,7.75E-01,21308.514
1201,7.52E-01,21305.68
1202,7.26E-01,21302.846
1203,7.23E-01,21300.013
1204,6.97E-01,21297.179
1205,7.87E-01,21294.345
1206,8.72E-01,21291.511
1207,8.33E-01,21288.677
1208,7.97E-01,21285.844
1209,1.21E+00,21283.01
1210,1.88E+00,21280.176
1211,1.89E+00,21277.342
1212,1.16E+00,21274.508
1213,7.68E-01,21271.674
1214,7.46E-01,21268.84
1215,7.51E-01,21266.006
1216,7.48E-01,21263.172
1217,7.39E-01,21260.338
1218,8.02E-01,21257.504
1219,1.65E+00,21254.67
1220,5.35E+00,21251.836
1221,7.70E+00,21249.002
1222,4.53E+00,21246.168
1223,1.33E+00,21243.334
1224,7.79E-01,21240.499
1225,1.06E+00,21237.665
1226,2.61E+00,21234.831
1227,3.82E+00,21231.997
1228,2.57E+00,21229.163
1229,1.02E+00,21226.328
1230,7.86E-01,21223.494
1231,9.64E-01,21220.66
1232,1.08E+00,21217.825
1233,9.26E-01,21214.991
1234,9.04E-01,21212.156
1235,9.97E-01,21209.322
1236,1.07E+00,21206.487
1237,1.07E+00,21203.653
1238,9.26E-01,21200.819
1239,9.98E-01,21197.984
1240,1.33E+00,21195.149
1241,1.35E+00,21192.315
1242,1.14E+00,21189.48
1243,1.01E+00,21186.646
1244,1.23E+00,21183.811
1245,2.47E+00,21180.976
1246,6.04E+00,21178.142
1247,6.93E+00,21175.307
1248,3.31E+00,21172.472
1249,9.67E-01,21169.637
1250,7.00E-01,21166.803
1251,7.41E-01,21163.968
1252,9.79E-01,21161.133
1253,2.14E+00,21158.298
1254,2.81E+00,21155.463
1255,1.73E+00,21152.628
1256,8.52E-01,21149.794
1257,6.88E-01,21146.959
1258,6.71E-01,21144.124
1259,6.58E-01,21141.289
1260,6.40E-01,21138.454
1261,6.73E-01,21135.619
1262,7.28E-01,21132.784
1263,7.19E-01,21129.949
1264,7.31E-01,21127.114
1265,7.35E-01,21124.279
1266,1.04E+00,21121.444
1267,3.06E+00,21118.608
1268,4.94E+00,21115.773
1269,3.47E+00,21112.938
1270,2.20E+00,21110.103
1271,3.52E+00,21107.268
1272,3.96E+00,21104.432
1273,2.57E+00,21101.597
1274,2.07E+00,21098.762
1275,2.37E+00,21095.926
1276,1.82E+00,21093.091
1277,1.39E+00,21090.256
1278,1.11E+00,21087.42
1279,7.75E-01,21084.585
1280,7.06E-01,21081.749
1281,8.70E-01,21078.914
1282,1.16E+00,21076.079
1283,1.61E+00,21073.243
1284,2.65E+00,21070.408
1285,3.35E+00,21067.572
1286,3.28E+00,21064.736
1287,3.17E+00,21061.901
1288,2.17E+00,21059.065
1289,1.22E+00,21056.23
1290,1.24E+00,21053.394
1291,1.03E+00,21050.558
1292,7.86E-01,21047.722
1293,8.01E-01,21044.887
1294,8.63E-01,21042.051
1295,8.91E-01,21039.215
1296,1.26E+00,21036.379
1297,1.78E+00,21033.544
1298,1.57E+00,21030.708
1299,1.21E+00,21027.872
1300,1.23E+00,21025.036
1301,1.08E+00,21022.2
1302,9.62E-01,21019.364
1303,1.06E+00,21016.528
1304,1.26E+00,21013.692
1305,1.21E+00,21010.856
1306,9.31E-01,21008.02
1307,8.27E-01,21005.184
1308,7.29E-01,21002.348
1309,6.35E-01,20999.512
1310,6.03E-01,20996.676
1311,5.94E-01,20993.84
1312,6.17E-01,20991.003
1313,6.38E-01,20988.167
1314,6.58E-01,20985.331
1315,6.18E-01,20982.495
1316,6.31E-01,20979.659
1317,5.83E-01,20976.822
1318,5.81E-01,20973.986
1319,5.97E-01,20971.15
1320,6.04E-01,20968.313
1321,6.32E-01,20965.477
1322,6.01E-01,20962.641
1323,6.16E-01,20959.804
1324,6.46E-01,20956.968
1325,6.44E-01,20954.131
1326,6.44E-01,20951.295
1327,6.53E-01,20948.459
1328,6.54E-01,20945.622
1329,6.57E-01,20942.785
1330,7.08E-01,20939.949
1331,7.25E-01,20937.112
1332,6.58E-01,20934.276
1333,6.43E-01,20931.439
1334,6.09E-01,20928.602
1335,6.22E-01,20925.766
1336,7.11E-01,20922.929
1337,8.47E-01,20920.092
1338,9.40E-01,20917.256
1339,2.02E+00,20914.419
1340,5.52E+00,20911.582
1341,7.22E+00,20908.745
1342,4.14E+00,20905.908
1343,1.23E+00,20903.071
1344,6.60E-01,20900.235
1345,5.85E-01,20897.398
1346,5.81E-01,20894.561
1347,5.80E-01,20891.724
1348,6.70E-01,20888.887
1349,8.84E-01,20886.05
1350,9.03E-01,20883.213
1351,7.62E-01,20880.376
1352,9.86E-01,20877.539
1353,1.21E+00,20874.702
1354,1.16E+00,20871.864
1355,9.73E-01,20869.028
1356,1.09E+00,20866.19
1357,2.89E+00,20863.353
1358,4.88E+00,20860.516
1359,3.58E+00,20857.679
1360,1.33E+00,20854.842
1361,7.98E-01,20852.004
1362,6.82E-01,20849.167
1363,5.98E-01,20846.33
1364,6.00E-01,20843.492
1365,5.97E-01,20840.655
1366,6.30E-01,20837.818
1367,6.58E-01,20834.98
1368,9.41E-01,20832.143
1369,1.11E+00,20829.305
1370,1.21E+00,20826.468
1371,1.14E+00,20823.63
1372,8.07E-01,20820.793
1373,8.08E-01,20817.955
1374,8.82E-01,20815.118
1375,7.66E-01,20812.28
1376,8.22E-01,20809.443
1377,1.12E+00,20806.605
1378,1.17E+00,20803.767
1379,8.75E-01,20800.93
1380,5.92E-01,20798.092
1381,5.72E-01,20795.254
1382,5.45E-01,20792.416
1383,5.60E-01,20789.579
1384,5.21E-01,20786.741
1385,5.22E-01,20783.903
1386,5.31E-01,20781.065
1387,5.58E-01,20778.227
1388,5.48E-01,20775.389
1389,5.19E-01,20772.552
1390,5.24E-01,20769.714
1391,5.66E-01,20766.876
1392,5.42E-01,20764.038
1393,5.46E-01,20761.2
1394,5.65E-01,20758.362
1395,5.64E-01,20755.524
1396,5.46E-01,20752.686
1397,5.35E-01,20749.847
1398,5.27E-01,20747.009
1399,6.36E-01,20744.171
1400,8.50E-01,20741.333
1401,8.73E-01,20738.495
1402,9.84E-01,20735.657
1403,4.57E+00,20732.819
1404,1.17E+01,20729.98
1405,1.10E+01,20727.142
1406,3.89E+00,20724.304
1407,8.40E-01,20721.465
1408,5.58E-01,20718.627
1409,5.43E-01,20715.789
1410,5.19E-01,20712.95
1411,5.84E-01,20710.112
1412,5.64E-01,20707.274
1413,5.94E-01,20704.435
1414,5.61E-01,20701.596
1415,5.24E-01,20698.758
1416,5.57E-01,20695.919
1417,5.33E-01,20693.081
1418,5.15E-01,20690.243
1419,5.55E-01,20687.404
1420,5.41E-01,20684.565
1421,5.33E-01,20681.727
1422,5.43E-01,20678.888
1423,6.33E-01,20676.049
1424,8.28E-01,20673.211
1425,7.67E-01,20670.372
1426,6.65E-01,20667.533
1427,7.10E-01,20664.694
1428,6.76E-01,20661.856
1429,5.93E-01,20659.017
1430,6.59E-01,20656.178
1431,7.29E-01,20653.339
1432,8.31E-01,20650.5
1433,7.68E-01,20647.661
1434,6.01E-01,20644.822
1435,5.38E-01,20641.983
1436,5.51E-01,20639.144
1437,5.21E-01,20636.305
1438,5.18E-01,20633.466
1439,5.48E-01,20630.627
1440,5.51E-01,20627.788
1441,5.42E-01,20624.949
1442,5.59E-01,20622.11
1443,5.25E-01,20619.271
1444,5.24E-01,20616.432
1445,5.07E-01,20613.592
1446,5.18E-01,20610.753
1447,5.00E-01,20607.914
1448,4.79E-01,20605.075
1449,4.94E-01,20602.236
1450,5.30E-01,20599.396
1451,5.17E-01,20596.557
1452,5.32E-01,20593.718
1453,5.01E-01,20590.878
1454,5.51E-01,20588.039
1455,7.82E-01,20585.199
1456,1.12E+00,20582.36
1457,1.18E+00,20579.521
1458,1.27E+00,20576.681
1459,1.13E+00,20573.842
1460,8.46E-01,20571.002
1461,3.36E+00,20568.163
1462,1.34E+01,20565.323
1463,1.69E+01,20562.483
1464,7.16E+00,20559.644
1465,1.35E+00,20556.804
1466,1.10E+00,20553.964
1467,9.96E-01,20551.125
1468,6.90E-01,20548.285
1469,6.30E-01,20545.445
1470,8.54E-01,20542.606
1471,8.90E-01,20539.766
1472,7.81E-01,20536.926
1473,7.14E-01,20534.086
1474,6.48E-01,20531.246
1475,6.60E-01,20528.406
1476,8.29E-01,20525.567
1477,8.82E-01,20522.727
1478,6.81E-01,20519.887
1479,6.72E-01,20517.047
1480,6.73E-01,20514.207
1481,5.53E-01,20511.367
1482,5.49E-01,20508.527
1483,6.33E-01,20505.686
1484,2.41E+00,20502.846
1485,5.85E+00,20500.006
1486,4.88E+00,20497.166
1487,1.43E+00,20494.326
1488,5.07E-01,20491.486
1489,5.89E-01,20488.646
1490,6.95E-01,20485.806
1491,6.11E-01,20482.965
1492,5.15E-01,20480.125
1493,4.97E-01,20477.285
1494,5.09E-01,20474.444
1495,4.92E-01,20471.604
1496,5.01E-01,20468.764
1497,4.99E-01,20465.923
1498,5.02E-01,20463.083
1499,5.08E-01,20460.243
1500,5.85E-01,20457.402
1501,5.44E-01,20454.561
1502,5.03E-01,20451.721
1503,4.80E-01,20448.881
1504,5.15E-01,20446.04
1505,5.38E-01,20443.199
1506,5.19E-01,20440.359
1507,5.00E-01,20437.518
1508,4.88E-01,20434.678
1509,4.94E-01,20431.837
1510,5.08E-01,20428.996
1511,5.13E-01,20426.156
1512,5.36E-01,20423.315
1513,5.65E-01,20420.474
1514,2.79E+00,20417.633
1515,1.59E+01,20414.793
1516,2.36E+01,20411.952
1517,1.10E+01,20409.111
1518,1.42E+00,20406.27
1519,5.78E-01,20403.429
1520,5.19E-01,20400.588
1521,4.87E-01,20397.747
1522,4.97E-01,20394.906
1523,4.92E-01,20392.065
1524,4.74E-01,20389.224
1525,4.77E-01,20386.383
1526,4.71E-01,20383.542
1527,4.76E-01,20380.701
1528,4.75E-01,20377.86
1529,4.82E-01,20375.019
1530,5.40E-01,20372.178
1531,5.35E-01,20369.337
1532,5.08E-01,20366.495
1533,5.04E-01,20363.654
1534,4.68E-01,20360.813
1535,4.79E-01,20357.972
1536,4.97E-01,20355.13
1537,5.62E-01,20352.289
1538,8.67E-01,20349.448
1539,1.17E+00,20346.606
1540,2.84E+00,20343.765
1541,8.06E+00,20340.924
1542,8.52E+00,20338.082
1543,2.95E+00,20335.241
1544,6.33E-01,20332.399
1545,5.02E-01,20329.558
1546,4.75E-01,20326.716
1547,6.24E-01,20323.875
1548,9.79E-01,20321.033
1549,1.15E+00,20318.192
1550,7.92E-01,20315.35
1551,5.40E-01,20312.508
1552,5.75E-01,20309.667
1553,6.45E-01,20306.825
1554,6.24E-01,20303.983
1555,7.80E-01,20301.142
1556,8.96E-01,20298.3
1557,8.43E-01,20295.458
1558,9.64E-01,20292.616
1559,9.39E-01,20289.774
1560,7.86E-01,20286.933
1561,7.81E-01,20284.091
1562,1.78E+00,20281.249
1563,9.98E+00,20278.407
1564,1.72E+01,20275.565
1565,9.42E+00,20272.723
1566,1.45E+00,20269.881
1567,5.01E-01,20267.039
1568,4.51E-01,20264.197
1569,4.72E-01,20261.355
1570,4.40E-01,20258.513
1571,4.61E-01,20255.671
1572,4.89E-01,20252.828
1573,5.30E-01,20249.986
1574,5.04E-01,20247.144
1575,4.84E-01,20244.302
1576,5.19E-01,20241.46
1577,5.20E-01,20238.618
1578,4.83E-01,20235.775
1579,4.75E-01,20232.933
1580,4.67E-01,20230.091
1581,4.58E-01,20227.248
1582,4.38E-01,20224.406
1583,4.81E-01,20221.564
1584,5.92E-01,20218.721
1585,6.54E-01,20215.879
1586,5.73E-01,20213.036
1587,5.39E-01,20210.194
1588,6.84E-01,20207.351
1589,6.77E-01,20204.509
1590,5.09E-01,20201.666
1591,6.14E-01,20198.824
1592,1.99E+00,20195.981
1593,3.64E+00,20193.139
1594,2.39E+00,20190.296
1595,7.19E-01,20187.453
1596,5.18E-01,20184.611
1597,5.29E-01,20181.768
1598,6.06E-01,20178.925
1599,6.97E-01,20176.082
1600,6.88E-01,20173.24
1601,6.32E-01,20170.397
1602,5.94E-01,20167.554
1603,5.88E-01,20164.711
1604,5.78E-01,20161.868
1605,5.26E-01,20159.025
1606,4.59E-01,20156.182
1607,4.28E-01,20153.339
1608,4.26E-01,20150.496
1609,4.39E-01,20147.653
1610,4.47E-01,20144.81
1611,4.54E-01,20141.967
1612,4.47E-01,20139.124
1613,4.45E-01,20136.281
1614,5.03E-01,20133.438
1615,6.52E-01,20130.595
1616,8.77E-01,20127.752
1617,8.52E-01,20124.909
1618,6.06E-01,20122.065
1619,7.20E-01,20119.222
1620,8.77E-01,20116.379
1621,7.61E-01,20113.536
1622,5.23E-01,20110.692
1623,4.35E-01,20107.849
1624,4.40E-01,20105.006
1625,6.34E-01,20102.162
1626,9.51E-01,20099.319
1627,8.46E-01,20096.476
1628,5.17E-01,20093.632
1629,3.93E-01,20090.789
1630,3.95E-01,20087.945
1631,4.09E-01,20085.102
1632,3.94E-01,20082.258
1633,3.84E-01,20079.414
1634,4.29E-01,20076.571
1635,6.93E-01,20073.727
1636,1.26E+00,20070.884
1637,1.14E+00,20068.04
1638,5.53E-01,20065.196
1639,4.13E-01,20062.353
1640,3.98E-01,20059.509
1641,4.12E-01,20056.665
1642,4.24E-01,20053.821
1643,3.74E-01,20050.978
1644,3.81E-01,20048.134
1645,4.14E-01,20045.29
1646,4.48E-01,20042.446
1647,5.13E-01,20039.602
1648,2.06E+00,20036.758
1649,5.15E+00,20033.914
1650,4.45E+00,20031.071
1651,1.36E+00,20028.227
1652,5.74E-01,20025.383
1653,5.18E-01,20022.538
1654,4.52E-01,20019.694
1655,4.98E-01,20016.85
1656,1.19E+00,20014.006
1657,8.04E+00,20011.162
1658,1.72E+01,20008.318
1659,1.24E+01,20005.474
1660,3.14E+00,20002.63
1661,7.27E-01,19999.785
1662,4.79E-01,19996.941
1663,4.16E-01,19994.097
1664,3.88E-01,19991.253
1665,4.17E-01,19988.408
1666,4.31E-01,19985.564
1667,4.10E-01,19982.72
1668,4.02E-01,19979.875
1669,3.88E-01,19977.031
1670,3.99E-01,19974.186
1671,4.56E-01,19971.342
1672,4.59E-01,19968.497
1673,4.33E-01,19965.653
1674,4.71E-01,19962.808
1675,5.93E-01,19959.964
1676,6.62E-01,19957.119
1677,5.62E-01,19954.275
1678,5.70E-01,19951.43
1679,5.07E-01,19948.585
1680,4.28E-01,19945.741
1681,3.86E-01,19942.896
1682,3.81E-01,19940.051
1683,3.92E-01,19937.207
1684,3.90E-01,19934.362
1685,4.85E-01,19931.517
1686,8.81E-01,19928.672
1687,1.41E+00,19925.827
1688,1.35E+00,19922.983
1689,7.64E-01,19920.138
1690,5.53E-01,19917.293
1691,6.48E-01,19914.448
1692,5.06E-01,19911.603
1693,5.49E-01,19908.758
1694,7.86E-01,19905.913
1695,8.22E-01,19903.068
1696,6.91E-01,19900.223
1697,8.46E-01,19897.378
1698,1.18E+00,19894.533
1699,1.25E+00,19891.688
1700,7.99E-01,19888.842
1701,4.30E-01,19885.997
1702,3.79E-01,19883.152
1703,3.56E-01,19880.307
1704,3.62E-01,19877.462
1705,3.84E-01,19874.616
1706,4.07E-01,19871.771
1707,3.77E-01,19868.926
1708,3.73E-01,19866.08
1709,3.57E-01,19863.235
1710,3.86E-01,19860.39
1711,3.81E-01,19857.544
1712,3.74E-01,19854.699
1713,3.97E-01,19851.853
1714,3.85E-01,19849.008
1715,4.62E-01,19846.162
1716,1.51E+00,19843.317
1717,3.46E+00,19840.471
1718,2.81E+00,19837.626
1719,8.95E-01,19834.78
1720,3.99E-01,19831.934
1721,4.16E-01,19829.089
1722,4.74E-01,19826.243
1723,4.40E-01,19823.397
1724,3.83E-01,19820.552
1725,4.86E-01,19817.706
1726,4.98E-01,19814.86
1727,5.73E-01,19812.014
1728,6.19E-01,19809.169
1729,5.64E-01,19806.323
1730,4.24E-01,19803.477
1731,3.70E-01,19800.631
1732,3.81E-01,19797.785
1733,3.88E-01,19794.939
1734,4.00E-01,19792.093
1735,3.78E-01,19789.247
1736,3.97E-01,19786.401
1737,4.60E-01,19783.555
1738,6.40E-01,19780.709
1739,1.08E+00,19777.863
1740,4.60E+00,19775.017
1741,8.80E+00,19772.171
1742,5.81E+00,19769.325
1743,1.33E+00,19766.479
1744,6.21E-01,19763.632
1745,7.61E-01,19760.786
1746,8.47E-01,19757.94
1747,1.77E+00,19755.094
1748,3.55E+00,19752.247
1749,2.88E+00,19749.401
1750,8.95E-01,19746.555
1751,4.31E-01,19743.708
1752,8.01E-01,19740.862
1753,1.58E+00,19738.016
1754,1.58E+00,19735.169
1755,8.72E-01,19732.323
1756,3.96E-01,19729.476
1757,3.14E-01,19726.63
1758,3.38E-01,19723.783
1759,3.35E-01,19720.937
1760,3.51E-01,19718.09
1761,3.47E-01,19715.243
1762,3.47E-01,19712.397
1763,4.39E-01,19709.55
1764,1.41E+00,19706.704
1765,4.80E+00,19703.857
1766,6.28E+00,19701.01
1767,3.30E+00,19698.163
1768,1.03E+00,19695.317
1769,4.26E-01,19692.47
1770,3.54E-01,19689.623
1771,3.92E-01,19686.776
1772,4.91E-01,19683.929
1773,1.14E+00,19681.082
1774,1.86E+00,19678.236
1775,1.32E+00,19675.389
1776,5.58E-01,19672.542
1777,4.31E-01,19669.695
1778,3.59E-01,19666.848
1779,3.26E-01,19664.001
1780,3.37E-01,19661.154
1781,3.34E-01,19658.307
1782,3.21E-01,19655.459
1783,3.82E-01,19652.612
1784,5.01E-01,19649.765
1785,1.20E+00,19646.918
1786,3.36E+00,19644.071
1787,3.70E+00,19641.224
1788,1.62E+00,19638.376
1789,5.03E-01,19635.529
1790,4.26E-01,19632.682
1791,4.77E-01,19629.834
1792,4.70E-01,19626.987
1793,5.48E-01,19624.14
1794,1.12E+00,19621.292
1795,1.61E+00,19618.445
1796,1.06E+00,19615.597
1797,4.04E-01,19612.75
1798,3.35E-01,19609.902
1799,3.03E-01,19607.055
1800,2.83E-01,19604.207
1801,2.83E-01,19601.36
1802,4.15E-01,19598.512
1803,9.10E-01,19595.665
1804,1.10E+00,19592.817
1805,6.30E-01,19589.969
1806,2.87E-01,19587.122
1807,3.21E-01,19584.274
1808,3.27E-01,19581.426
1809,3.72E-01,19578.578
1810,4.52E-01,19575.731
1811,4.43E-01,19572.883
1812,3.57E-01,19570.035
1813,4.34E-01,19567.187
1814,1.14E+00,19564.339
1815,2.08E+00,19561.491
1816,1.88E+00,19558.644
1817,9.56E-01,19555.796
1818,5.07E-01,19552.948
1819,2.95E-01,19550.1
1820,2.70E-01,19547.252
1821,3.31E-01,19544.404
1822,4.44E-01,19541.555
1823,4.97E-01,19538.707
1824,4.40E-01,19535.859
1825,4.22E-01,19533.011
1826,6.80E-01,19530.163
1827,7.78E-01,19527.315
1828,8.86E-01,19524.467
1829,1.66E+00,19521.618
1830,2.35E+00,19518.77
1831,1.79E+00,19515.922
1832,9.05E-01,19513.073
1833,5.44E-01,19510.225
1834,3.57E-01,19507.377
1835,2.63E-01,19504.528
1836,2.68E-01,19501.68
1837,2.88E-01,19498.832
1838,2.81E-01,19495.983
1839,2.55E-01,19493.135
1840,2.44E-01,19490.286
1841,2.49E-01,19487.438
1842,2.73E-01,19484.589
1843,3.00E-01,19481.74
1844,3.41E-01,19478.892
1845,3.55E-01,19476.043
1846,4.05E-01,19473.195
1847,3.70E-01,19470.346
1848,3.37E-01,19467.497
1849,3.31E-01,19464.648
1850,3.35E-01,19461.8
1851,3.06E-01,19458.951
1852,2.26E-01,19456.102
1853,2.35E-01,19453.253
1854,2.47E-01,19450.405
1855,2.31E-01,19447.556
1856,2.59E-01,19444.707
1857,2.47E-01,19441.858
1858,2.51E-01,19439.009
1859,2.63E-01,19436.16
1860,2.37E-01,19433.311
1861,2.42E-01,19430.462
1862,2.43E-01,19427.613
1863,2.65E-01,19424.764
1864,2.60E-01,19421.915
1865,2.49E-01,19419.066
1866,2.37E-01,19416.216
1867,2.44E-01,19413.367
1868,2.42E-01,19410.518
1869,2.47E-01,19407.669
1870,2.39E-01,19404.82
1871,2.56E-01,19401.97
1872,2.39E-01,19399.121
1873,2.44E-01,19396.272
1874,2.31E-01,19393.423
1875,2.37E-01,19390.573
1876,2.49E-01,19387.724
1877,2.27E-01,19384.874
1878,2.18E-01,19382.025
1879,2.06E-01,19379.175
1880,2.10E-01,19376.326
1881,2.13E-01,19373.477
1882,2.06E-01,19370.627
1883,2.31E-01,19367.777
1884,2.59E-01,19364.928
1885,2.83E-01,19362.078
1886,3.17E-01,19359.229
1887,6.09E-01,19356.379
1888,1.77E+00,19353.529
1889,2.93E+00,19350.68
1890,2.26E+00,19347.83
1891,8.18E-01,19344.98
1892,2.94E-01,19342.13
1893,2.68E-01,19339.281
1894,3.00E-01,19336.431
1895,2.67E-01,19333.581
1896,2.26E-01,19330.731
1897,2.02E-01,19327.881
1898,2.21E-01,19325.031
1899,2.34E-01,19322.181
1900,2.56E-01,19319.331
1901,2.22E-01,19316.481
1902,2.00E-01,19313.631
1903,1.95E-01,19310.781
1904,1.79E-01,19307.931
1905,1.94E-01,19305.081
1906,2.56E-01,19302.231
1907,3.53E-01,19299.381
1908,3.70E-01,19296.531
1909,2.81E-01,19293.681
1910,2.40E-01,19290.83
1911,1.88E-01,19287.98
1912,1.94E-01,19285.13
1913,1.78E-01,19282.28
1914,2.04E-01,19279.429
1915,2.20E-01,19276.579
1916,2.06E-01,19273.729
1917,2.23E-01,19270.878
1918,2.00E-01,19268.028
1919,2.04E-01,19265.177
1920,1.90E-01,19262.327
1921,2.62E-01,19259.477
1922,8.88E-01,19256.626
1923,2.86E+00,19253.775
1924,4.37E+00,19250.925
1925,3.34E+00,19248.074
1926,1.19E+00,19245.224
1927,3.38E-01,19242.373
1928,2.03E-01,19239.522
1929,2.04E-01,19236.672
1930,1.80E-01,19233.821
1931,1.89E-01,19230.97
1932,1.95E-01,19228.12
1933,1.90E-01,19225.269
1934,1.63E-01,19222.418
1935,2.04E-01,19219.567
1936,1.66E-01,19216.716
1937,1.97E-01,19213.866
1938,2.19E-01,19211.015
1939,2.02E-01,19208.164
1940,2.00E-01,19205.313
1941,2.13E-01,19202.462
1942,2.21E-01,19199.611
1943,3.60E-01,19196.76
1944,3.94E-01,19193.909
1945,3.27E-01,19191.058
1946,2.20E-01,19188.207
1947,1.48E-01,19185.356
1948,1.64E-01,19182.504
1949,1.79E-01,19179.653
1950,1.95E-01,19176.802
1951,1.78E-01,19173.951
1952,1.98E-01,19171.1
1953,1.92E-01,19168.248
1954,1.72E-01,19165.397
1955,1.61E-01,19162.546
1956,1.87E-01,19159.694
1957,1.97E-01,19156.843
1958,1.81E-01,19153.992
1959,1.90E-01,19151.14
1960,1.89E-01,19148.289
1961,1.55E-01,19145.437
1962,1.76E-01,19142.586
1963,1.78E-01,19139.734
1964,1.80E-01,19136.883
1965,1.74E-01,19134.031
1966,1.70E-01,19131.18
1967,1.71E-01,19128.328
1968,1.75E-01,19125.476
1969,1.65E-01,19122.625
1970,1.63E-01,19119.773
1971,1.76E-01,19116.921
1972,1.85E-01,19114.07
1973,1.67E-01,19111.218
1974,1.44E-01,19108.366
1975,1.38E-01,19105.514
1976,1.40E-01,19102.662
1977,1.66E-01,19099.811
1978,1.50E-01,19096.959
1979,1.82E-01,19094.107
1980,1.72E-01,19091.255
1981,2.22E-01,19088.403
1982,2.11E-01,19085.551
1983,2.11E-01,19082.699
1984,1.82E-01,19079.847
1985,1.80E-01,19076.995
1986,1.57E-01,19074.143
1987,1.69E-01,19071.291
1988,1.44E-01,19068.439
1989,1.28E-01,19065.586
1990,1.40E-01,19062.734
1991,1.67E-01,19059.882
1992,1.63E-01,19057.03
1993,1.67E-01,19054.178
1994,1.81E-01,19051.325
1995,1.55E-01,19048.473
1996,1.66E-01,19045.621
1997,1.69E-01,19042.768
1998,1.66E-01,19039.916
1999,1.32E-01,19037.064
2000,1.23E-01,19034.211
2001,1.52E-01,19031.359
2002,1.54E-01,19028.506
2003,1.36E-01,19025.654
2004,1.45E-01,19022.801
2005,1.41E-01,19019.949
2006,1.37E-01,19017.096
2007,1.19E-01,19014.244
2008,1.44E-01,19011.391
2009,1.41E-01,19008.538
2010,1.54E-01,19005.686
2011,1.51E-01,19002.833
2012,1.13E-01,18999.98
2013,1.44E-01,18997.127
2014,1.19E-01,18994.275
2015,1.66E-01,18991.422
2016,1.41E-01,18988.569
2017,1.44E-01,18985.716
2018,1.72E-01,18982.863
2019,1.18E-01,18980.01
2020,1.05E-01,18977.158
2021,1.32E-01,18974.305
2022,1.41E-01,18971.452
2023,1.20E-01,18968.599
2024,1.21E-01,18965.746
2025,1.39E-01,18962.893
2026,1.36E-01,18960.04
2027,1.37E-01,18957.186
2028,1.39E-01,18954.333
2029,1.35E-01,18951.48
2030,1.63E-01,18948.627
2031,1.71E-01,18945.774
2032,1.41E-01,18942.921
2033,1.40E-01,18940.067
2034,1.55E-01,18937.214
2035,1.54E-01,18934.361
2036,1.80E-01,18931.508
2037,1.38E-01,18928.654
2038,1.38E-01,18925.801
2039,1.75E-01,18922.947
2040,1.74E-01,18920.094
2041,1.83E-01,18917.241
2042,2.13E-01,18914.387
2043,1.89E-01,18911.534
2044,0.00E+00,18908.68
2045,0.00E+00,18905.827
2046,0.00E+00,18902.973
2047,0.00E+00,18900.119